username,created_utc,comment_karma,link_karma
Minimum_Device_6379,2021-02-09 23:48:34,3456,2828
c0deG5,2021-01-26 23:29:38,455,1
NotAnEgg1,2020-04-17 15:42:29,8327,530
MagicSpoon69,2022-01-08 20:47:29,5223,877
spate42,2011-03-29 10:04:50,95443,7842
silverfreeze936,2011-05-19 20:53:37,3114,1065
JesusA-JA3,2022-09-06 10:03:23,5765,237
Lone_Soldier,2012-07-27 16:24:30,11905,1599
DiscouragedSouls,2018-01-21 11:40:19,56503,104
BooBooSorkin,2019-12-30 19:25:03,9355,302
omfgcows,2011-02-01 14:11:11,52365,4990
dpaanlka,2011-11-08 23:14:15,61883,21161
chilloutman24,2020-03-19 01:09:33,19519,4904
FreshnessChronic890,2018-02-15 13:53:31,75,23
chapium,2006-11-21 01:33:00,23380,4623
O-parker,2018-07-22 18:16:37,99759,22314
EquipmentOld1726,2022-08-12 16:15:09,123,9
CommonerChaos,2012-01-26 20:45:01,370578,18227
eajr1991,2024-06-02 07:28:03,466,1
RMT2316,2018-01-17 16:03:25,58775,16738
Typical_Stormtrooper,2014-05-09 14:45:30,35761,6337
Bevos2222,2016-01-05 21:16:05,10585,117
OverPermission6322,2020-10-22 19:10:20,8,33
Immediate_Welder5094,2023-12-23 18:50:48,2,1
nugzbuny,2012-01-26 16:42:47,16244,1083
little_lexodus,2015-02-24 23:04:30,15133,4
nlw421,2023-10-01 19:22:07,333,132
clerks2007,2013-06-18 21:31:11,3052,7238
UnclePhilSpeaks_,2021-10-03 22:43:30,18414,352
repmendacio,2022-03-18 01:25:33,843,168
Disastrous_Head_4282,2022-08-25 12:36:13,43308,3062
LoCh0_xX,2018-07-19 19:28:43,93406,8404
oscarjdm,2018-03-09 16:59:40,22,13
Drinky_McGambles,2017-01-18 17:35:26,26006,22
NeatSpiritual4980,2021-02-09 21:05:56,0,1
Talex1995,2015-12-21 00:13:16,12498,3118
Jaynorts,2019-03-08 14:02:16,15,10
Moominsean,2012-10-06 10:47:52,43653,3397
Acceptable_Amount521,2023-07-13 18:56:37,212,45
gaycomic,2022-04-05 13:30:36,35277,1021
AffectionateArm7985,2021-07-08 23:18:28,1,1
canolyb1,2016-05-19 13:02:37,1377,244
Longjumping-Ad6726,2021-01-05 22:07:34,250,17
slicebishybosh,2012-02-21 15:04:00,310657,14989
Klhoe318,2018-08-25 19:57:46,4443,1216
NeedMoreBlocks,2023-04-12 09:03:02,74437,2704
former-bishop,2016-01-13 00:49:13,43701,794
Aotsu,2016-02-07 13:36:45,76,99
baybaybabs,2021-01-26 02:08:02,12313,91
xlebronjames,2016-01-22 11:19:47,2207,286
arcstudios,2018-11-20 17:36:08,14666,10028
julio1990,2012-08-08 06:31:14,35463,18846
Annual_Champion987,2024-05-25 12:47:19,55,321
Revolutionary_Two747,2020-09-27 22:54:39,64,116
BamBamGaming773,2022-07-14 15:45:14,12,1
Economy-Syllabub-199,2022-04-08 13:42:34,4,1
Dadave_574,2019-05-14 12:15:36,32,7
No_Strawberry6540,2024-06-25 22:16:19,1156,4
Dangerous_Depth469,2023-12-01 08:53:47,434,148
smo1164,2019-07-21 11:01:17,271,275
No_Scratch_5332,2023-11-07 11:32:39,1,2
Accurate_Can_8889,2024-06-08 20:33:11,1,1
Super_Daikenki,2020-10-13 00:37:49,148,23
Pretty-sure-,2021-12-29 19:10:43,32,1
BitterLetterhead113,2021-08-31 05:01:53,99,1
KJSS3,2020-03-31 00:10:35,111,342
kinikkixx,2021-06-12 22:05:51,1776,2731
zaccus,2010-09-05 04:05:20,230778,12
CelebrationIcy4544,2023-05-31 14:02:20,4,4
Stewclone,2016-04-26 12:08:59,2732,1015
GIGGLES708,2021-01-27 20:21:36,29545,214
Firm_Gap_6661,2023-11-05 19:54:02,240,7
Exhul,2017-09-13 11:30:55,4570,169
el_toro_grand,2019-11-27 19:14:18,5742,176
suazzo77,2017-03-22 22:14:26,15087,497
Novel-Ad4130,2022-10-14 15:50:23,114,1
Disastrous_Garage448,2021-05-17 16:06:30,7,1
SpaceFace11,2011-11-29 21:23:03,63574,3563
vk2786,2018-06-18 22:31:43,126468,8111
Odd-Spring-4348,2022-05-15 14:51:48,0,1
Rough_Garage_1663,2022-11-14 11:52:31,908,304
According_Error8692,2021-11-28 22:50:01,0,1
CubeEarthShill,2021-01-30 10:02:58,36942,575
BallonBrun,2022-09-07 11:44:32,22,294
AffectionateMeet4059,2021-01-14 13:16:03,0,1
rammi_g,2018-03-25 11:52:06,659,904
LordAnon5703,2012-06-20 22:07:46,91592,3353
jk021,2016-11-02 23:34:20,21924,2697
aversenal,2020-11-28 01:18:11,0,1
This-Intention7267,2020-10-23 19:03:30,57,1
SnooHamsters9236,2020-08-30 14:36:18,339,2
saidtastic,2018-06-29 00:44:18,2,1
derylle,2017-05-15 07:52:24,12726,22
Hediak-Chigashi,2018-12-30 18:03:30,681,377
StrangeBaseball7213,2024-01-30 22:23:35,2,20
timetravelingdude,2020-02-05 19:56:16,16,352
januarysnow_11,2024-01-20 02:08:57,9,2
Existing-Following93,2020-09-23 20:21:38,664,1
Inevitable_Tart_8546,2023-12-19 09:39:16,873,384
This-Refrigerator536,2023-06-26 10:04:51,3551,7
Sfdguy7462s,2020-06-16 21:38:33,2643,50
destroys_burritos,2013-02-26 21:25:32,111497,1234
vicefox,2011-09-18 12:57:27,94198,7706
WheelWhiffCelly,2017-08-07 20:22:04,8838,59
soulexpectation,2013-05-06 08:20:54,147576,66792
iwillbewaiting24601,2022-01-31 11:26:17,4091,52
External-Region-6149,2022-07-04 03:04:37,10,8
Round-Concentrate-99,2022-08-10 10:48:21,19,1
Snoo_53830,2020-07-07 14:00:14,917,113
Savagexaudible,2019-09-11 05:06:26,1107,372
gman8686,2015-03-21 09:14:04,8058,210
ajohnca,2021-01-17 16:35:20,656,4
Master_Wolf2654,2022-03-30 20:42:19,49,1
ComaMierdaHijueputa,2017-08-18 00:02:36,69639,1417
qtmcjingleshine,2012-07-01 21:43:03,92476,8835
eaallen2010,2020-07-12 20:15:01,104871,1821
Bigsec225,2020-08-20 09:42:13,799,12
650_dollars,2017-12-25 01:37:02,23404,62894
kakawisNOTlaw,2024-02-23 16:52:50,52456,1367
Operation4avacation,2020-12-30 18:48:30,156,216
DrNoodles247,2012-08-21 21:50:10,14312,1059
Hopefulwaters,2016-11-22 12:01:28,122178,262
howsmallissmall,2020-09-24 00:39:42,13,1
ang444,2017-06-30 23:07:30,12979,504
bluemurmur,2017-10-07 00:28:50,33985,543
Thelonius_Dunk,2012-03-25 20:57:36,81157,616
Chem_BPY,2012-06-27 03:08:54,27133,523
donutgut,2020-08-06 14:25:47,69356,9658
clozepin,2013-07-22 18:17:08,65908,202
elderibeiro,2015-06-17 13:35:16,491,25
OnionMiasma,2015-07-24 23:14:31,98965,2215
RedditsFan2020,2020-12-08 10:48:26,1943,2064
SouthSideMaurice,2019-04-26 18:05:04,11031,1008
NeitherMedicine4327,2021-01-20 19:55:12,37819,55544
Ac9ts,2019-03-31 14:32:42,24323,1321
stroobco,2019-01-27 12:51:36,4341,7450
danekan,2013-01-04 14:41:13,100130,3777
kreplachkid,2022-06-19 13:24:33,51,8
MMM242,2020-10-02 07:21:01,1314,61
Sashabadger,2014-09-30 18:49:08,15269,111
nom4d_,2014-02-16 21:41:55,6460,80
cozymami,2020-11-22 22:01:59,454,1508
Claudine-in-Chi,2021-01-06 12:36:05,1915,1121
BlueSkyBasin,2013-04-21 10:53:37,1597,1006
gputchaven,2016-08-30 13:13:00,839,7808
P8sammies,2022-04-30 07:12:59,32984,3562
sassyredvelvet,2014-11-16 00:46:42,1010,157
went_figure,2012-06-09 13:25:37,5103,16234
crispixiscrispy,2011-11-21 18:04:21,13058,1023
TheMoneyOfArt,2013-01-05 21:58:52,164838,10167
chi-town420,2013-07-18 18:44:25,1423,250
cocktails_and_corgis,2017-04-02 22:00:10,14706,59
kbklots,2017-12-08 15:21:45,4,4
Spiritual-Fun-2682,2023-03-23 21:56:29,467,35
Logan__Squared,2016-08-17 12:10:24,13378,3284
KoufaxRJ626,2021-08-24 23:28:12,174,309
dextro_sch,2014-05-18 00:08:09,16284,1676
jewbaconlover,2014-08-25 10:00:25,6146,1223
Phil517,2016-02-15 21:13:42,5523,6269
Exciting-Turn-8038,2021-01-25 19:37:32,23,2
hg1975,2018-08-28 23:40:51,190,1296
emelegantt,2013-01-03 23:54:01,827,82
wisconick,2011-12-06 20:04:19,22207,18939
GlassMarble,2016-05-31 06:14:01,1155,2
AutumnCupcake,2018-11-04 21:24:31,21151,10778
petmoo23,2015-10-11 13:54:10,169615,1083
tacobellgivemehell,2019-01-26 13:16:19,15725,1334
rendragmuabrelyt,2018-07-21 18:31:17,188,419
pmmeyourbirthstory,2018-03-30 00:49:16,2722,622
whoamiwhoareyou2,2014-12-17 11:05:51,11729,4887
wiggedywonderful,2018-11-25 21:28:04,987,658
timaab,2018-08-30 06:28:08,586,460
hawkeygal,2017-11-27 23:48:21,4588,818
icommentingifs,2015-05-31 14:14:12,29614,37013
lottiedahdeedah,2018-08-13 11:59:42,688,4
thecoolduude,2018-04-03 15:55:32,28953,12991
TJK41,2016-05-24 22:13:15,25376,1
flickhuck20,2014-08-09 19:43:12,37654,14299
walkyourcats,2019-03-21 17:59:10,721,27
JillTron,2010-12-03 16:28:52,132,42
Shoothemoonx,2015-06-06 23:38:42,16,83
crbatte,2014-04-20 13:39:40,11142,21946
curmudge,2012-02-14 10:55:10,10559,914
tribewoman,2017-01-06 13:44:06,12527,1252
